[{"model": "service_development.voicelabel", "pk": 1, "fields": {"name": "Dutch language", "description": "Nederlandse taal"}}, {"model": "service_development.voicelabel", "pk": 2, "fields": {"name": "General error message", "description": ""}}, {"model": "service_development.voicelabel", "pk": 3, "fields": {"name": "This is the truth", "description": ""}}, {"model": "service_development.voicelabel", "pk": 4, "fields": {"name": "English language", "description": ""}}, {"model": "service_development.voicelabel", "pk": 5, "fields": {"name": "Thank you for using this service", "description": ""}}, {"model": "service_development.voicelabel", "pk": 6, "fields": {"name": "Wow, it must be a really boring guy!", "description": ""}}, {"model": "service_development.voicelabel", "pk": 7, "fields": {"name": "French language", "description": ""}}, {"model": "service_development.voicelabel", "pk": 8, "fields": {"name": "Please select your language", "description": ""}}, {"model": "service_development.voicelabel", "pk": 9, "fields": {"name": "Pre Choice Option", "description": ""}}, {"model": "service_development.voicelabel", "pk": 10, "fields": {"name": "Post Choice Option", "description": ""}}, {"model": "service_development.voicelabel", "pk": 11, "fields": {"name": "One", "description": ""}}, {"model": "service_development.voicelabel", "pk": 12, "fields": {"name": "Two", "description": ""}}, {"model": "service_development.voicelabel", "pk": 13, "fields": {"name": "Three", "description": ""}}, {"model": "service_development.voicelabel", "pk": 14, "fields": {"name": "Four", "description": ""}}, {"model": "service_development.voicelabel", "pk": 15, "fields": {"name": "Five", "description": ""}}, {"model": "service_development.voicelabel", "pk": 16, "fields": {"name": "Six", "description": ""}}, {"model": "service_development.voicelabel", "pk": 17, "fields": {"name": "Seven", "description": ""}}, {"model": "service_development.voicelabel", "pk": 18, "fields": {"name": "Eight", "description": ""}}, {"model": "service_development.voicelabel", "pk": 19, "fields": {"name": "Nine", "description": ""}}, {"model": "service_development.voicelabel", "pk": 20, "fields": {"name": "Zero", "description": ""}}, {"model": "service_development.voicelabel", "pk": 21, "fields": {"name": "Yes", "description": ""}}, {"model": "service_development.voicelabel", "pk": 22, "fields": {"name": "No", "description": ""}}, {"model": "service_development.voicelabel", "pk": 23, "fields": {"name": "Does the king like to drink beer?", "description": ""}}, {"model": "service_development.voicelabel", "pk": 25, "fields": {"name": "Announce how much milk do you want", "description": ""}}, {"model": "service_development.voicelabel", "pk": 27, "fields": {"name": "Welcome", "description": ""}}, {"model": "service_development.voicelabel", "pk": 28, "fields": {"name": "record announce", "description": ""}}, {"model": "service_development.voicelabel", "pk": 29, "fields": {"name": "record offer", "description": ""}}, {"model": "service_development.voicelabel", "pk": 30, "fields": {"name": "confirm recording", "description": ""}}, {"model": "service_development.voicelabel", "pk": 31, "fields": {"name": "thanks for you message", "description": ""}}, {"model": "service_development.voicelabel", "pk": 32, "fields": {"name": "offer or annouce?", "description": ""}}, {"model": "service_development.voicelabel", "pk": 33, "fields": {"name": "Record offer", "description": ""}}, {"model": "service_development.voicelabel", "pk": 34, "fields": {"name": "confirm your offer", "description": ""}}, {"model": "service_development.voicelabel", "pk": 35, "fields": {"name": "record announce", "description": ""}}, {"model": "service_development.voicelabel", "pk": 36, "fields": {"name": "Confirm seller", "description": ""}}, {"model": "service_development.voicelabel", "pk": 37, "fields": {"name": "Confirm buyer", "description": ""}}, {"model": "service_development.voicelabel", "pk": 38, "fields": {"name": "no_input", "description": ""}}, {"model": "service_development.voicelabel", "pk": 39, "fields": {"name": "Message type", "description": ""}}, {"model": "service_development.voicelabel", "pk": 40, "fields": {"name": "No message left", "description": ""}}, {"model": "service_development.language", "pk": 1, "fields": {"name": "Nederlands", "code": "nl", "voice_label": 1, "error_message": 2, "select_language": 8, "pre_choice_option": 9, "post_choice_option": 10, "one": 11, "two": 12, "three": 13, "four": 14, "five": 15, "six": 16, "seven": 17, "eight": 18, "nine": 19, "zero": 20}}, {"model": "service_development.language", "pk": 2, "fields": {"name": "English", "code": "en", "voice_label": 4, "error_message": 2, "select_language": 8, "pre_choice_option": 9, "post_choice_option": 10, "one": 11, "two": 12, "three": 13, "four": 14, "five": 15, "six": 16, "seven": 17, "eight": 18, "nine": 19, "zero": 20}}, {"model": "service_development.language", "pk": 3, "fields": {"name": "French", "code": "fr", "voice_label": 7, "error_message": 2, "select_language": 8, "pre_choice_option": 9, "post_choice_option": 10, "one": 11, "two": 12, "three": 13, "four": 14, "five": 15, "six": 16, "seven": 17, "eight": 18, "nine": 19, "zero": 20}}, {"model": "service_development.voicefragment", "pk": 1, "fields": {"parent": 6, "language": 2, "audio": "boring_guy_en.wav"}}, {"model": "service_development.voicefragment", "pk": 2, "fields": {"parent": 6, "language": 1, "audio": "boring_guy_nl.wav"}}, {"model": "service_development.voicefragment", "pk": 6, "fields": {"parent": 22, "language": 1, "audio": "no_nl.wav"}}, {"model": "service_development.voicefragment", "pk": 7, "fields": {"parent": 22, "language": 2, "audio": "no_en.wav"}}, {"model": "service_development.voicefragment", "pk": 8, "fields": {"parent": 22, "language": 3, "audio": "no_fr.wav"}}, {"model": "service_development.voicefragment", "pk": 9, "fields": {"parent": 21, "language": 1, "audio": "yes_nl.wav"}}, {"model": "service_development.voicefragment", "pk": 10, "fields": {"parent": 21, "language": 2, "audio": "yes_en.wav"}}, {"model": "service_development.voicefragment", "pk": 11, "fields": {"parent": 21, "language": 3, "audio": "yes_fr.wav"}}, {"model": "service_development.voicefragment", "pk": 12, "fields": {"parent": 20, "language": 1, "audio": "0_nl.wav"}}, {"model": "service_development.voicefragment", "pk": 13, "fields": {"parent": 20, "language": 2, "audio": "0_en.wav"}}, {"model": "service_development.voicefragment", "pk": 14, "fields": {"parent": 20, "language": 3, "audio": "0_fr.wav"}}, {"model": "service_development.voicefragment", "pk": 15, "fields": {"parent": 19, "language": 1, "audio": "9_nl.wav"}}, {"model": "service_development.voicefragment", "pk": 16, "fields": {"parent": 19, "language": 2, "audio": "9_fr.wav"}}, {"model": "service_development.voicefragment", "pk": 17, "fields": {"parent": 19, "language": 3, "audio": "9_en.wav"}}, {"model": "service_development.voicefragment", "pk": 18, "fields": {"parent": 18, "language": 1, "audio": "8_nl.wav"}}, {"model": "service_development.voicefragment", "pk": 19, "fields": {"parent": 18, "language": 2, "audio": "8_en.wav"}}, {"model": "service_development.voicefragment", "pk": 20, "fields": {"parent": 18, "language": 3, "audio": "8_fr.wav"}}, {"model": "service_development.voicefragment", "pk": 21, "fields": {"parent": 17, "language": 1, "audio": "7_nl.wav"}}, {"model": "service_development.voicefragment", "pk": 22, "fields": {"parent": 17, "language": 2, "audio": "7_en.wav"}}, {"model": "service_development.voicefragment", "pk": 23, "fields": {"parent": 17, "language": 3, "audio": "7_fr.wav"}}, {"model": "service_development.voicefragment", "pk": 24, "fields": {"parent": 16, "language": 1, "audio": "6_nl.wav"}}, {"model": "service_development.voicefragment", "pk": 25, "fields": {"parent": 16, "language": 2, "audio": "6_en.wav"}}, {"model": "service_development.voicefragment", "pk": 26, "fields": {"parent": 16, "language": 3, "audio": "6_fr.wav"}}, {"model": "service_development.voicefragment", "pk": 27, "fields": {"parent": 15, "language": 1, "audio": "5_nl.wav"}}, {"model": "service_development.voicefragment", "pk": 28, "fields": {"parent": 15, "language": 2, "audio": "5_en.wav"}}, {"model": "service_development.voicefragment", "pk": 29, "fields": {"parent": 15, "language": 3, "audio": "5_fr.wav"}}, {"model": "service_development.voicefragment", "pk": 30, "fields": {"parent": 14, "language": 1, "audio": "4_nl.wav"}}, {"model": "service_development.voicefragment", "pk": 31, "fields": {"parent": 14, "language": 2, "audio": "4_fr.wav"}}, {"model": "service_development.voicefragment", "pk": 32, "fields": {"parent": 14, "language": 3, "audio": "4_en.wav"}}, {"model": "service_development.voicefragment", "pk": 33, "fields": {"parent": 13, "language": 1, "audio": "3_nl.wav"}}, {"model": "service_development.voicefragment", "pk": 34, "fields": {"parent": 13, "language": 2, "audio": "3_en.wav"}}, {"model": "service_development.voicefragment", "pk": 35, "fields": {"parent": 13, "language": 3, "audio": "3_fr.wav"}}, {"model": "service_development.voicefragment", "pk": 36, "fields": {"parent": 12, "language": 1, "audio": "2_nl.wav"}}, {"model": "service_development.voicefragment", "pk": 37, "fields": {"parent": 12, "language": 2, "audio": "2_en.wav"}}, {"model": "service_development.voicefragment", "pk": 38, "fields": {"parent": 12, "language": 3, "audio": "2_fr.wav"}}, {"model": "service_development.voicefragment", "pk": 39, "fields": {"parent": 11, "language": 1, "audio": "1_nl.wav"}}, {"model": "service_development.voicefragment", "pk": 40, "fields": {"parent": 11, "language": 2, "audio": "1_en.wav"}}, {"model": "service_development.voicefragment", "pk": 41, "fields": {"parent": 11, "language": 3, "audio": "1_fr.wav"}}, {"model": "service_development.voicefragment", "pk": 42, "fields": {"parent": 10, "language": 1, "audio": "post_choice_option_nl.wav"}}, {"model": "service_development.voicefragment", "pk": 43, "fields": {"parent": 10, "language": 2, "audio": "post_choice_option_en.wav"}}, {"model": "service_development.voicefragment", "pk": 44, "fields": {"parent": 10, "language": 3, "audio": "post_choice_option_fr.wav"}}, {"model": "service_development.voicefragment", "pk": 45, "fields": {"parent": 9, "language": 1, "audio": "pre_choice_option_nl.wav"}}, {"model": "service_development.voicefragment", "pk": 46, "fields": {"parent": 9, "language": 2, "audio": "pre_choice_option_en.wav"}}, {"model": "service_development.voicefragment", "pk": 47, "fields": {"parent": 9, "language": 3, "audio": "pre_choice_option_fr.wav"}}, {"model": "service_development.voicefragment", "pk": 48, "fields": {"parent": 8, "language": 1, "audio": "select_language_nl.wav"}}, {"model": "service_development.voicefragment", "pk": 49, "fields": {"parent": 8, "language": 2, "audio": "select_language_en.wav"}}, {"model": "service_development.voicefragment", "pk": 50, "fields": {"parent": 8, "language": 3, "audio": "select_language_fr.wav"}}, {"model": "service_development.voicefragment", "pk": 51, "fields": {"parent": 7, "language": 1, "audio": "french_nl.wav"}}, {"model": "service_development.voicefragment", "pk": 52, "fields": {"parent": 7, "language": 2, "audio": "french_en.wav"}}, {"model": "service_development.voicefragment", "pk": 53, "fields": {"parent": 7, "language": 3, "audio": "french_fr.wav"}}, {"model": "service_development.voicefragment", "pk": 54, "fields": {"parent": 6, "language": 3, "audio": "boring_guy_fr.wav"}}, {"model": "service_development.voicefragment", "pk": 55, "fields": {"parent": 5, "language": 1, "audio": "thank_you_for_using_nl.wav"}}, {"model": "service_development.voicefragment", "pk": 56, "fields": {"parent": 5, "language": 2, "audio": "thank_you_for_using_en.wav"}}, {"model": "service_development.voicefragment", "pk": 57, "fields": {"parent": 5, "language": 3, "audio": "thank_you_for_using_fr.wav"}}, {"model": "service_development.voicefragment", "pk": 58, "fields": {"parent": 4, "language": 1, "audio": "english_nl.wav"}}, {"model": "service_development.voicefragment", "pk": 59, "fields": {"parent": 4, "language": 2, "audio": "english_en.wav"}}, {"model": "service_development.voicefragment", "pk": 60, "fields": {"parent": 4, "language": 3, "audio": "english_fr.wav"}}, {"model": "service_development.voicefragment", "pk": 61, "fields": {"parent": 3, "language": 1, "audio": "truth_nl.wav"}}, {"model": "service_development.voicefragment", "pk": 62, "fields": {"parent": 3, "language": 2, "audio": "truth_en.wav"}}, {"model": "service_development.voicefragment", "pk": 63, "fields": {"parent": 3, "language": 3, "audio": "truth_fr.wav"}}, {"model": "service_development.voicefragment", "pk": 64, "fields": {"parent": 2, "language": 1, "audio": "error_nl.wav"}}, {"model": "service_development.voicefragment", "pk": 65, "fields": {"parent": 2, "language": 2, "audio": "error_en.wav"}}, {"model": "service_development.voicefragment", "pk": 66, "fields": {"parent": 2, "language": 3, "audio": "error_fr.wav"}}, {"model": "service_development.voicefragment", "pk": 67, "fields": {"parent": 1, "language": 1, "audio": "dutch_nl.wav"}}, {"model": "service_development.voicefragment", "pk": 68, "fields": {"parent": 1, "language": 2, "audio": "dutch_en.wav"}}, {"model": "service_development.voicefragment", "pk": 69, "fields": {"parent": 1, "language": 3, "audio": "dutch_fr.wav"}}, {"model": "service_development.voicefragment", "pk": 70, "fields": {"parent": 23, "language": 1, "audio": "king_question_nl.wav"}}, {"model": "service_development.voicefragment", "pk": 71, "fields": {"parent": 23, "language": 2, "audio": "king_question_en.wav"}}, {"model": "service_development.voicefragment", "pk": 72, "fields": {"parent": 23, "language": 3, "audio": "king_question_fr.wav"}}, {"model": "service_development.voicefragment", "pk": 77, "fields": {"parent": 27, "language": 2, "audio": "welcome_en_hZh79pH.wav"}}, {"model": "service_development.voicefragment", "pk": 78, "fields": {"parent": 27, "language": 1, "audio": "welcome_nl_LNRu2eD.wav"}}, {"model": "service_development.voicefragment", "pk": 79, "fields": {"parent": 28, "language": 2, "audio": "ask_seller_details_en_wqm7mzK.wav"}}, {"model": "service_development.voicefragment", "pk": 80, "fields": {"parent": 28, "language": 1, "audio": "ask_seller_details_nl_LqevqQN.wav"}}, {"model": "service_development.voicefragment", "pk": 81, "fields": {"parent": 29, "language": 2, "audio": "ask_buyer_details_en_Wqu8pVe.wav"}}, {"model": "service_development.voicefragment", "pk": 82, "fields": {"parent": 29, "language": 1, "audio": "ask_buyer_details_nl_EncdJ2r.wav"}}, {"model": "service_development.voicefragment", "pk": 83, "fields": {"parent": 30, "language": 2, "audio": "ask_message_confirmation_en_hV2BRkW.wav"}}, {"model": "service_development.voicefragment", "pk": 84, "fields": {"parent": 30, "language": 1, "audio": "ask_message_confirmation_nl_na7hHlY.wav"}}, {"model": "service_development.voicefragment", "pk": 85, "fields": {"parent": 31, "language": 2, "audio": "thanks_en_iL7mkKc.wav"}}, {"model": "service_development.voicefragment", "pk": 86, "fields": {"parent": 31, "language": 1, "audio": "thanks_nl_ThVXmzH.wav"}}, {"model": "service_development.voicefragment", "pk": 87, "fields": {"parent": 32, "language": 2, "audio": "usertype_menu_en_a8By9tf.wav"}}, {"model": "service_development.voicefragment", "pk": 88, "fields": {"parent": 32, "language": 1, "audio": "usertype_menu_nl_8aOfvNt.wav"}}, {"model": "service_development.voicefragment", "pk": 89, "fields": {"parent": 33, "language": 2, "audio": "ask_buyer_details_en_3fIYWYn.wav"}}, {"model": "service_development.voicefragment", "pk": 90, "fields": {"parent": 33, "language": 1, "audio": "ask_buyer_details_nl_GA2gmYv.wav"}}, {"model": "service_development.voicefragment", "pk": 91, "fields": {"parent": 34, "language": 2, "audio": "ask_message_confirmation_en_WTtxS88.wav"}}, {"model": "service_development.voicefragment", "pk": 92, "fields": {"parent": 34, "language": 1, "audio": "ask_message_confirmation_nl_Pd3mmti.wav"}}, {"model": "service_development.voicefragment", "pk": 93, "fields": {"parent": 35, "language": 2, "audio": "ask_seller_details_en_xIctsGW.wav"}}, {"model": "service_development.voicefragment", "pk": 94, "fields": {"parent": 35, "language": 1, "audio": "confirm_seller_nl_7KZYgu0.wav"}}, {"model": "service_development.voicefragment", "pk": 95, "fields": {"parent": 36, "language": 2, "audio": "confirm_seller_en_IV90ETV.wav"}}, {"model": "service_development.voicefragment", "pk": 96, "fields": {"parent": 36, "language": 1, "audio": "confirm_seller_nl_PLguRNE.wav"}}, {"model": "service_development.voicefragment", "pk": 97, "fields": {"parent": 37, "language": 2, "audio": "confirm_buyer_en_XN09gpw.wav"}}, {"model": "service_development.voicefragment", "pk": 98, "fields": {"parent": 37, "language": 1, "audio": "confirm_buyer_nl_mGFuL8J.wav"}}, {"model": "service_development.voicefragment", "pk": 99, "fields": {"parent": 38, "language": 2, "audio": "invalid_input_en_iYmzZTz.wav"}}, {"model": "service_development.voicefragment", "pk": 100, "fields": {"parent": 38, "language": 1, "audio": "invalid_input_nl_7rtNhCZ.wav"}}, {"model": "service_development.voicefragment", "pk": 101, "fields": {"parent": 39, "language": 2, "audio": "message_types_en_xN2Ov0S.wav"}}, {"model": "service_development.voicefragment", "pk": 102, "fields": {"parent": 39, "language": 1, "audio": "message_types_nl_z4j0eez.wav"}}, {"model": "service_development.voicefragment", "pk": 103, "fields": {"parent": 40, "language": 2, "audio": "no_messages_en_0UmwGf2.wav"}}, {"model": "service_development.voicefragment", "pk": 104, "fields": {"parent": 40, "language": 1, "audio": "no_messages_nl_E2ngcIe.wav"}}, {"model": "service_development.voiceservicesubelement", "pk": 2, "fields": {"service": 1, "creation_date": "2017-04-23T19:30:23.792Z", "modification_date": "2017-04-23T23:13:42.317Z", "name": "Does the king like to drink beer?", "description": "", "voice_label": 23}}, {"model": "service_development.voiceservicesubelement", "pk": 3, "fields": {"service": 1, "creation_date": "2017-04-23T19:32:07.853Z", "modification_date": "2017-04-23T22:51:29.350Z", "name": "Yes", "description": "King <3's BEER", "voice_label": 21}}, {"model": "service_development.voiceservicesubelement", "pk": 4, "fields": {"service": 1, "creation_date": "2017-04-23T19:32:07.854Z", "modification_date": "2017-04-23T22:51:29.352Z", "name": "No", "description": "", "voice_label": 22}}, {"model": "service_development.voiceservicesubelement", "pk": 5, "fields": {"service": 1, "creation_date": "2017-04-23T19:49:50.055Z", "modification_date": "2017-04-23T21:17:07.984Z", "name": "This is the truth", "description": "", "voice_label": 3}}, {"model": "service_development.voiceservicesubelement", "pk": 6, "fields": {"service": 1, "creation_date": "2017-04-23T21:11:06.805Z", "modification_date": "2017-04-23T21:33:29.853Z", "name": "Thank you for using this service", "description": "", "voice_label": 5}}, {"model": "service_development.voiceservicesubelement", "pk": 7, "fields": {"service": 1, "creation_date": "2017-04-23T21:36:55.756Z", "modification_date": "2017-04-23T21:36:55.756Z", "name": "King is boring", "description": "", "voice_label": 6}}, {"model": "service_development.voiceservicesubelement", "pk": 8, "fields": {"service": 3, "creation_date": "2017-05-03T20:12:38.347Z", "modification_date": "2017-05-06T14:43:05.155Z", "name": "Producer or customer", "description": "announce products or place an order", "voice_label": 32}}, {"model": "service_development.voiceservicesubelement", "pk": 9, "fields": {"service": 3, "creation_date": "2017-05-03T20:12:38.352Z", "modification_date": "2017-05-06T14:41:09.939Z", "name": "Producer", "description": "", "voice_label": 36}}, {"model": "service_development.voiceservicesubelement", "pk": 10, "fields": {"service": 3, "creation_date": "2017-05-03T20:12:38.354Z", "modification_date": "2017-05-06T14:41:09.941Z", "name": "Customer", "description": "", "voice_label": 37}}, {"model": "service_development.voiceservicesubelement", "pk": 11, "fields": {"service": 3, "creation_date": "2017-05-05T11:47:35.279Z", "modification_date": "2017-05-05T11:50:42.598Z", "name": "record offer", "description": "", "voice_label": 33}}, {"model": "service_development.voiceservicesubelement", "pk": 12, "fields": {"service": 3, "creation_date": "2017-05-05T11:49:12.195Z", "modification_date": "2017-05-05T11:50:47.040Z", "name": "record announce", "description": "", "voice_label": 35}}, {"model": "service_development.voiceservicesubelement", "pk": 13, "fields": {"service": 3, "creation_date": "2017-05-05T11:49:42.388Z", "modification_date": "2017-05-05T11:49:55.535Z", "name": "thanks for you message", "description": "", "voice_label": 31}}, {"model": "service_development.voiceservicesubelement", "pk": 14, "fields": {"service": 3, "creation_date": "2017-05-06T14:39:33.210Z", "modification_date": "2017-05-06T14:39:33.210Z", "name": "record offer", "description": "", "voice_label": 33}}, {"model": "service_development.voiceservicesubelement", "pk": 15, "fields": {"service": 3, "creation_date": "2017-05-06T14:40:49.919Z", "modification_date": "2017-05-06T14:40:49.919Z", "name": "Record announcement", "description": "", "voice_label": 35}}, {"model": "service_development.voiceservicesubelement", "pk": 19, "fields": {"service": 2, "creation_date": "2017-05-06T15:34:32.666Z", "modification_date": "2017-05-06T16:00:59.165Z", "name": "Listen offers or announcements?", "description": "", "voice_label": 39}}, {"model": "service_development.voiceservicesubelement", "pk": 20, "fields": {"service": 2, "creation_date": "2017-05-06T15:35:03.633Z", "modification_date": "2017-05-06T16:03:09.976Z", "name": "No message left", "description": "", "voice_label": 40}}, {"model": "service_development.voiceservicesubelement", "pk": 21, "fields": {"service": 3, "creation_date": "2017-05-06T15:38:28.034Z", "modification_date": "2017-05-06T15:38:28.034Z", "name": "Offer or announce?", "description": "", "voice_label": 32}}, {"model": "service_development.voiceservicesubelement", "pk": 22, "fields": {"service": 3, "creation_date": "2017-05-06T15:38:28.038Z", "modification_date": "2017-05-06T15:38:28.038Z", "name": "Offer", "description": "", "voice_label": 37}}, {"model": "service_development.voiceservicesubelement", "pk": 23, "fields": {"service": 3, "creation_date": "2017-05-06T15:38:28.040Z", "modification_date": "2017-05-06T15:38:28.040Z", "name": "Announce", "description": "", "voice_label": 37}}, {"model": "service_development.voiceservicesubelement", "pk": 24, "fields": {"service": 2, "creation_date": "2017-05-06T16:00:59.169Z", "modification_date": "2017-05-06T16:00:59.169Z", "name": "Announcements", "description": "", "voice_label": 27}}, {"model": "service_development.voiceservicesubelement", "pk": 25, "fields": {"service": 2, "creation_date": "2017-05-06T16:00:59.171Z", "modification_date": "2017-05-06T16:00:59.171Z", "name": "Offers", "description": "", "voice_label": 27}}, {"model": "service_development.voiceservicesubelement", "pk": 26, "fields": {"service": 3, "creation_date": "2017-05-06T16:02:38.162Z", "modification_date": "2017-05-06T16:03:50.308Z", "name": "Welcome offer or announce", "description": "", "voice_label": 27}}, {"model": "service_development.voiceservicesubelement", "pk": 27, "fields": {"service": 2, "creation_date": "2017-05-06T16:03:45.808Z", "modification_date": "2017-05-06T16:03:45.808Z", "name": "Welcome listen messages", "description": "", "voice_label": 27}}, {"model": "service_development.voiceserviceelement", "pk": 2, "fields": {}}, {"model": "service_development.voiceserviceelement", "pk": 5, "fields": {}}, {"model": "service_development.voiceserviceelement", "pk": 6, "fields": {}}, {"model": "service_development.voiceserviceelement", "pk": 7, "fields": {}}, {"model": "service_development.voiceserviceelement", "pk": 8, "fields": {}}, {"model": "service_development.voiceserviceelement", "pk": 11, "fields": {}}, {"model": "service_development.voiceserviceelement", "pk": 12, "fields": {}}, {"model": "service_development.voiceserviceelement", "pk": 13, "fields": {}}, {"model": "service_development.voiceserviceelement", "pk": 14, "fields": {}}, {"model": "service_development.voiceserviceelement", "pk": 15, "fields": {}}, {"model": "service_development.voiceserviceelement", "pk": 19, "fields": {}}, {"model": "service_development.voiceserviceelement", "pk": 20, "fields": {}}, {"model": "service_development.voiceserviceelement", "pk": 21, "fields": {}}, {"model": "service_development.voiceserviceelement", "pk": 26, "fields": {}}, {"model": "service_development.voiceserviceelement", "pk": 27, "fields": {}}, {"model": "service_development.voiceservice", "pk": 1, "fields": {"name": "King's truth checker", "description": "Checks the user's knowledge about the king of the Netherlands", "creation_date": "2017-04-23T19:23:52.392Z", "modification_date": "2017-04-23T23:19:18.069Z", "active": true, "_start_element": 2, "requires_registration": false, "supported_languages": [1, 2, 3]}}, {"model": "service_development.voiceservice", "pk": 2, "fields": {"name": "Cooperative", "description": "Retrive orders and product announcement", "creation_date": "2017-05-03T20:08:35.980Z", "modification_date": "2017-05-06T16:04:10.343Z", "active": true, "_start_element": 27, "requires_registration": false, "supported_languages": [1, 2]}}, {"model": "service_development.voiceservice", "pk": 3, "fields": {"name": "Producer and customer", "description": "announce products or place an order", "creation_date": "2017-05-03T20:09:56.855Z", "modification_date": "2017-05-06T16:04:19.035Z", "active": true, "_start_element": 26, "requires_registration": false, "supported_languages": [1, 2]}}, {"model": "service_development.kasadakauser", "pk": 1, "fields": {"caller_id": "789567", "first_name": "", "last_name": "", "creation_date": "2017-05-05T13:12:41.235Z", "modification_date": "2017-05-05T13:12:41.236Z", "language": 2, "service": 3}}, {"model": "service_development.kasadakauser", "pk": 2, "fields": {"caller_id": "789567", "first_name": "", "last_name": "", "creation_date": "2017-05-06T11:50:36.745Z", "modification_date": "2017-05-06T11:50:36.745Z", "language": 2, "service": 3}}, {"model": "service_development.kasadakauser", "pk": 3, "fields": {"caller_id": "789567", "first_name": "", "last_name": "", "creation_date": "2017-05-06T11:52:36.806Z", "modification_date": "2017-05-06T11:52:36.806Z", "language": 2, "service": 3}}, {"model": "service_development.kasadakauser", "pk": 4, "fields": {"caller_id": "789567", "first_name": "", "last_name": "", "creation_date": "2017-05-06T12:34:42.935Z", "modification_date": "2017-05-06T12:34:42.935Z", "language": 2, "service": 3}}, {"model": "service_development.kasadakauser", "pk": 5, "fields": {"caller_id": "789567", "first_name": "", "last_name": "", "creation_date": "2017-05-06T12:37:56.056Z", "modification_date": "2017-05-06T12:37:56.056Z", "language": 2, "service": 3}}, {"model": "service_development.kasadakauser", "pk": 6, "fields": {"caller_id": "789567", "first_name": "", "last_name": "", "creation_date": "2017-05-06T14:59:42.119Z", "modification_date": "2017-05-06T14:59:42.119Z", "language": 2, "service": 3}}, {"model": "service_development.kasadakauser", "pk": 7, "fields": {"caller_id": "789568", "first_name": "", "last_name": "", "creation_date": "2017-05-06T15:02:18.729Z", "modification_date": "2017-05-06T15:02:18.729Z", "language": 2, "service": 3}}, {"model": "service_development.kasadakauser", "pk": 8, "fields": {"caller_id": "789569", "first_name": "", "last_name": "", "creation_date": "2017-05-06T15:03:56.424Z", "modification_date": "2017-05-06T15:03:56.424Z", "language": 2, "service": 3}}, {"model": "service_development.kasadakauser", "pk": 9, "fields": {"caller_id": "789561", "first_name": "", "last_name": "", "creation_date": "2017-05-06T15:05:39.642Z", "modification_date": "2017-05-06T15:05:39.642Z", "language": 2, "service": 3}}, {"model": "service_development.kasadakauser", "pk": 10, "fields": {"caller_id": "789561", "first_name": "", "last_name": "", "creation_date": "2017-05-06T15:13:26.080Z", "modification_date": "2017-05-06T15:13:26.080Z", "language": 2, "service": 3}}, {"model": "service_development.kasadakauser", "pk": 11, "fields": {"caller_id": "789562", "first_name": "", "last_name": "", "creation_date": "2017-05-06T15:14:08.830Z", "modification_date": "2017-05-06T15:14:08.831Z", "language": 2, "service": 3}}, {"model": "service_development.kasadakauser", "pk": 12, "fields": {"caller_id": "789562", "first_name": "", "last_name": "", "creation_date": "2017-05-06T15:16:08.970Z", "modification_date": "2017-05-06T15:16:08.970Z", "language": 2, "service": 3}}, {"model": "service_development.kasadakauser", "pk": 13, "fields": {"caller_id": "789562", "first_name": "", "last_name": "", "creation_date": "2017-05-06T15:21:12.807Z", "modification_date": "2017-05-06T15:21:12.807Z", "language": 2, "service": 3}}, {"model": "service_development.kasadakauser", "pk": 14, "fields": {"caller_id": "789562", "first_name": "", "last_name": "", "creation_date": "2017-05-06T15:27:31.789Z", "modification_date": "2017-05-06T15:27:31.789Z", "language": 2, "service": 3}}, {"model": "service_development.kasadakauser", "pk": 15, "fields": {"caller_id": "789562", "first_name": "", "last_name": "", "creation_date": "2017-05-06T15:28:30.470Z", "modification_date": "2017-05-06T15:28:30.470Z", "language": 2, "service": 3}}, {"model": "service_development.kasadakauser", "pk": 16, "fields": {"caller_id": "789563", "first_name": "", "last_name": "", "creation_date": "2017-05-06T15:30:09.812Z", "modification_date": "2017-05-06T15:30:09.812Z", "language": 2, "service": 3}}, {"model": "service_development.kasadakauser", "pk": 17, "fields": {"caller_id": "789563", "first_name": "", "last_name": "", "creation_date": "2017-05-06T15:31:55.083Z", "modification_date": "2017-05-06T15:31:55.083Z", "language": 2, "service": 3}}, {"model": "service_development.kasadakauser", "pk": 18, "fields": {"caller_id": "789563", "first_name": "", "last_name": "", "creation_date": "2017-05-06T15:32:15.294Z", "modification_date": "2017-05-06T15:32:15.294Z", "language": 2, "service": 3}}, {"model": "service_development.kasadakauser", "pk": 19, "fields": {"caller_id": "789563", "first_name": "", "last_name": "", "creation_date": "2017-05-06T15:32:55.678Z", "modification_date": "2017-05-06T15:32:55.678Z", "language": 2, "service": 3}}, {"model": "service_development.kasadakauser", "pk": 20, "fields": {"caller_id": "789563", "first_name": "", "last_name": "", "creation_date": "2017-05-06T15:35:38.809Z", "modification_date": "2017-05-06T15:35:38.809Z", "language": 2, "service": 3}}, {"model": "service_development.kasadakauser", "pk": 21, "fields": {"caller_id": "789563", "first_name": "", "last_name": "", "creation_date": "2017-05-06T15:39:21.673Z", "modification_date": "2017-05-06T15:39:21.673Z", "language": 2, "service": 3}}, {"model": "service_development.callsession", "pk": 1, "fields": {"start": "2017-05-05T12:01:22.942Z", "end": "2017-05-06T12:37:56.736Z", "user": 7, "caller_id": null, "service": 3, "_language": 2}}, {"model": "service_development.callsession", "pk": 2, "fields": {"start": "2017-05-05T12:01:48.528Z", "end": null, "user": null, "caller_id": null, "service": 3, "_language": null}}, {"model": "service_development.callsession", "pk": 3, "fields": {"start": "2017-05-05T12:06:17.689Z", "end": null, "user": null, "caller_id": null, "service": 3, "_language": null}}, {"model": "service_development.callsession", "pk": 4, "fields": {"start": "2017-05-05T12:21:24.481Z", "end": null, "user": null, "caller_id": null, "service": 3, "_language": null}}, {"model": "service_development.callsession", "pk": 5, "fields": {"start": "2017-05-05T12:23:08.097Z", "end": null, "user": null, "caller_id": null, "service": 3, "_language": null}}, {"model": "service_development.callsession", "pk": 6, "fields": {"start": "2017-05-05T12:24:08.198Z", "end": null, "user": null, "caller_id": null, "service": 3, "_language": null}}, {"model": "service_development.callsession", "pk": 7, "fields": {"start": "2017-05-05T12:24:21.258Z", "end": null, "user": null, "caller_id": null, "service": 3, "_language": null}}, {"model": "service_development.callsession", "pk": 8, "fields": {"start": "2017-05-05T12:27:05.669Z", "end": null, "user": null, "caller_id": "1234", "service": 3, "_language": null}}, {"model": "service_development.callsession", "pk": 9, "fields": {"start": "2017-05-05T12:27:33.325Z", "end": null, "user": null, "caller_id": "12345", "service": 3, "_language": null}}, {"model": "service_development.callsession", "pk": 10, "fields": {"start": "2017-05-05T12:27:42.301Z", "end": null, "user": null, "caller_id": null, "service": 3, "_language": null}}, {"model": "service_development.callsession", "pk": 11, "fields": {"start": "2017-05-05T12:30:13.975Z", "end": null, "user": null, "caller_id": null, "service": 3, "_language": null}}, {"model": "service_development.callsession", "pk": 12, "fields": {"start": "2017-05-05T13:07:00.795Z", "end": null, "user": null, "caller_id": "789567", "service": 3, "_language": null}}, {"model": "service_development.callsession", "pk": 13, "fields": {"start": "2017-05-06T14:57:36.144Z", "end": null, "user": null, "caller_id": "789567", "service": 3, "_language": null}}, {"model": "service_development.callsession", "pk": 14, "fields": {"start": "2017-05-06T14:58:56.407Z", "end": null, "user": null, "caller_id": "789568", "service": 3, "_language": null}}, {"model": "service_development.callsession", "pk": 15, "fields": {"start": "2017-05-06T15:02:34.728Z", "end": null, "user": 7, "caller_id": "789568", "service": 3, "_language": 2}}, {"model": "service_development.callsession", "pk": 16, "fields": {"start": "2017-05-06T15:02:44.719Z", "end": null, "user": 7, "caller_id": "789568", "service": 3, "_language": 2}}, {"model": "service_development.callsession", "pk": 17, "fields": {"start": "2017-05-06T15:02:56.115Z", "end": null, "user": 8, "caller_id": "789569", "service": 3, "_language": 2}}, {"model": "service_development.callsession", "pk": 18, "fields": {"start": "2017-05-06T15:04:36.118Z", "end": "2017-05-06T15:13:26.760Z", "user": 10, "caller_id": "789561", "service": 3, "_language": 2}}, {"model": "service_development.callsession", "pk": 19, "fields": {"start": "2017-05-06T15:13:54.938Z", "end": "2017-05-06T15:28:31.196Z", "user": 15, "caller_id": "789562", "service": 3, "_language": 2}}, {"model": "service_development.callsession", "pk": 20, "fields": {"start": "2017-05-06T15:29:48.341Z", "end": "2017-05-06T15:39:59.427Z", "user": 21, "caller_id": "789563", "service": 3, "_language": 2}}, {"model": "service_development.callsessionstep", "pk": 1, "fields": {"time": "2017-05-05T13:12:42.170Z", "session": 1, "_visited_element": 8}}, {"model": "service_development.callsessionstep", "pk": 2, "fields": {"time": "2017-05-05T13:34:01.162Z", "session": 1, "_visited_element": 11}}, {"model": "service_development.callsessionstep", "pk": 3, "fields": {"time": "2017-05-05T13:43:13.598Z", "session": 1, "_visited_element": 13}}, {"model": "service_development.callsessionstep", "pk": 4, "fields": {"time": "2017-05-05T13:48:39.309Z", "session": 1, "_visited_element": 13}}, {"model": "service_development.callsessionstep", "pk": 5, "fields": {"time": "2017-05-05T13:56:39.736Z", "session": 1, "_visited_element": 13}}, {"model": "service_development.callsessionstep", "pk": 6, "fields": {"time": "2017-05-05T13:58:13.429Z", "session": 1, "_visited_element": 13}}, {"model": "service_development.callsessionstep", "pk": 7, "fields": {"time": "2017-05-05T13:58:40.308Z", "session": 1, "_visited_element": 13}}, {"model": "service_development.callsessionstep", "pk": 8, "fields": {"time": "2017-05-05T14:10:04.777Z", "session": 1, "_visited_element": 13}}, {"model": "service_development.callsessionstep", "pk": 9, "fields": {"time": "2017-05-05T14:12:38.955Z", "session": 1, "_visited_element": 13}}, {"model": "service_development.callsessionstep", "pk": 10, "fields": {"time": "2017-05-05T14:14:30.342Z", "session": 1, "_visited_element": 13}}, {"model": "service_development.callsessionstep", "pk": 11, "fields": {"time": "2017-05-06T11:50:43.036Z", "session": 1, "_visited_element": 8}}, {"model": "service_development.callsessionstep", "pk": 12, "fields": {"time": "2017-05-06T11:52:47.676Z", "session": 1, "_visited_element": 8}}, {"model": "service_development.callsessionstep", "pk": 13, "fields": {"time": "2017-05-06T12:34:44.499Z", "session": 1, "_visited_element": 8}}, {"model": "service_development.callsessionstep", "pk": 14, "fields": {"time": "2017-05-06T12:37:56.914Z", "session": 1, "_visited_element": 8}}, {"model": "service_development.callsessionstep", "pk": 15, "fields": {"time": "2017-05-06T15:13:26.934Z", "session": 18, "_visited_element": 8}}, {"model": "service_development.callsessionstep", "pk": 16, "fields": {"time": "2017-05-06T15:14:09.691Z", "session": 19, "_visited_element": 8}}, {"model": "service_development.callsessionstep", "pk": 17, "fields": {"time": "2017-05-06T15:16:09.842Z", "session": 19, "_visited_element": 8}}, {"model": "service_development.callsessionstep", "pk": 18, "fields": {"time": "2017-05-06T15:21:13.651Z", "session": 19, "_visited_element": null}}, {"model": "service_development.callsessionstep", "pk": 19, "fields": {"time": "2017-05-06T15:27:32.693Z", "session": 19, "_visited_element": null}}, {"model": "service_development.callsessionstep", "pk": 20, "fields": {"time": "2017-05-06T15:28:31.344Z", "session": 19, "_visited_element": null}}, {"model": "service_development.callsessionstep", "pk": 21, "fields": {"time": "2017-05-06T15:30:10.651Z", "session": 20, "_visited_element": null}}, {"model": "service_development.callsessionstep", "pk": 22, "fields": {"time": "2017-05-06T15:31:56.032Z", "session": 20, "_visited_element": null}}, {"model": "service_development.callsessionstep", "pk": 23, "fields": {"time": "2017-05-06T15:32:16.456Z", "session": 20, "_visited_element": null}}, {"model": "service_development.callsessionstep", "pk": 24, "fields": {"time": "2017-05-06T15:32:56.795Z", "session": 20, "_visited_element": null}}, {"model": "service_development.callsessionstep", "pk": 25, "fields": {"time": "2017-05-06T15:35:39.732Z", "session": 20, "_visited_element": null}}, {"model": "service_development.callsessionstep", "pk": 26, "fields": {"time": "2017-05-06T15:39:22.498Z", "session": 20, "_visited_element": 21}}, {"model": "service_development.callsessionstep", "pk": 27, "fields": {"time": "2017-05-06T15:39:59.595Z", "session": 20, "_visited_element": 14}}, {"model": "service_development.choice", "pk": 2, "fields": {"voice_label_no_input": null}}, {"model": "service_development.choice", "pk": 8, "fields": {"voice_label_no_input": 38}}, {"model": "service_development.choice", "pk": 19, "fields": {"voice_label_no_input": 38}}, {"model": "service_development.choice", "pk": 21, "fields": {"voice_label_no_input": 38}}, {"model": "service_development.choiceoption", "pk": 3, "fields": {"parent": 2, "_redirect": 5}}, {"model": "service_development.choiceoption", "pk": 4, "fields": {"parent": 2, "_redirect": 7}}, {"model": "service_development.choiceoption", "pk": 9, "fields": {"parent": 8, "_redirect": 15}}, {"model": "service_development.choiceoption", "pk": 10, "fields": {"parent": 8, "_redirect": 14}}, {"model": "service_development.choiceoption", "pk": 22, "fields": {"parent": 21, "_redirect": 14}}, {"model": "service_development.choiceoption", "pk": 23, "fields": {"parent": 21, "_redirect": 15}}, {"model": "service_development.choiceoption", "pk": 24, "fields": {"parent": 19, "_redirect": 20}}, {"model": "service_development.choiceoption", "pk": 25, "fields": {"parent": 19, "_redirect": 20}}, {"model": "service_development.messagepresentation", "pk": 5, "fields": {"final_element": false, "_redirect": 6}}, {"model": "service_development.messagepresentation", "pk": 6, "fields": {"final_element": true, "_redirect": null}}, {"model": "service_development.messagepresentation", "pk": 7, "fields": {"final_element": false, "_redirect": 6}}, {"model": "service_development.messagepresentation", "pk": 13, "fields": {"final_element": true, "_redirect": null}}, {"model": "service_development.messagepresentation", "pk": 20, "fields": {"final_element": true, "_redirect": null}}, {"model": "service_development.messagepresentation", "pk": 26, "fields": {"final_element": false, "_redirect": 21}}, {"model": "service_development.messagepresentation", "pk": 27, "fields": {"final_element": false, "_redirect": 19}}, {"model": "service_development.offer", "pk": 1, "fields": {"Message": "", "Date": "2017-05-05T13:40:13.883Z"}}, {"model": "service_development.offer", "pk": 2, "fields": {"Message": "", "Date": "2017-05-05T13:40:54.520Z"}}, {"model": "service_development.offer", "pk": 3, "fields": {"Message": "", "Date": "2017-05-05T13:43:13.255Z"}}, {"model": "service_development.offer", "pk": 4, "fields": {"Message": "", "Date": "2017-05-05T13:48:38.942Z"}}, {"model": "service_development.offer", "pk": 5, "fields": {"Message": "", "Date": "2017-05-05T13:56:39.385Z"}}, {"model": "service_development.offer", "pk": 6, "fields": {"Message": "", "Date": "2017-05-05T13:58:13.055Z"}}, {"model": "service_development.offer", "pk": 7, "fields": {"Message": "", "Date": "2017-05-05T13:58:39.932Z"}}, {"model": "service_development.offer", "pk": 8, "fields": {"Message": "", "Date": "2017-05-05T14:10:04.378Z"}}, {"model": "service_development.offer", "pk": 9, "fields": {"Message": "<MultiValueDict: {}>", "Date": "2017-05-05T14:12:38.553Z"}}, {"model": "service_development.offer", "pk": 10, "fields": {"Message": "<MultiValueDict: {}>", "Date": "2017-05-05T14:14:29.895Z"}}, {"model": "service_development.record_offer", "pk": 14, "fields": {"final_element": false, "_redirect": 13, "voice_label_confirm": 37}}, {"model": "service_development.record_announcement", "pk": 15, "fields": {"final_element": false, "_redirect": 13, "voice_label_confirm": 36}}]